{
  "id": "3946e7da-7bca-4026-9aa2-364f2d26db2b",
  "generation": 0,
  "iteration": 0,
  "timestamp": 1764608832.6664991,
  "parent_id": null,
  "metrics": {
    "combined_score": 0.36104651162790696,
    "tier1_accuracy": 0.26744186046511625,
    "tier2_accuracy": 0.0,
    "syntactic_validity": 0.3372093023255814,
    "tier1_p95_latency_ms": 12.674750003498048,
    "tier2_p95_latency_ms": 0.0,
    "routing_score": 0.1744186046511628,
    "latency_score": 1.0,
    "evaluation_time_ms": 502957.18616701197
  },
  "language": "python",
  "saved_at": 1764609277.449973
}